,0
0,平安银行
1,万科
2,国农科技
3,世纪星源
4,深振业
5,全新好
6,神州高铁
7,中国宝安
8,美丽
9,深物业
10,南玻
11,沙河股份
12,深康佳
13,中华
14,深粮控股
15,深华发
16,深科技
17,深天地
18,特力
19,飞亚达
20,深圳能源
21,国药一致
22,深深房
23,富奥股份
24,大悦城
25,深桑达
26,神州数码
27,中国天楹
28,华联控股
29,深南电
30,深大通
31,中集集团
32,东旭蓝天
33,中洲控股
34,深纺织
35,泛海控股
36,京基智农
37,德赛电池
38,深天马
39,方大集团
40,皇庭国际
41,深赛格
42,华锦股份
43,中金岭南
44,农产品
45,深圳华强
46,中兴通讯
47,北方国际
48,中国长城
49,华控赛格
50,华侨城
51,特发信息
52,海王生物
53,盐田港
54,深圳机场
55,天健集团
56,广聚能源
57,中信海直
58,科技
59,宜华健康
60,中成股份
61,丰原药业
62,川能动力
63,华数传媒
64,中联重科
65,常山北明
66,国际实业
67,申万宏源
68,东方盛虹
69,美的集团
70,潍柴动力
71,许继电气
72,冀东水泥
73,金融街
74,双林生物
75,长虹华意
76,胜利股份
77,藏格
78,地矿
79,沈机
80,英特集团
81,东旭光电
82,渤海租赁
83,民生控股
84,合肥百货
85,通程控股
86,吉林化纤
87,南京公用
88,宜化
89,东阿阿胶
90,徐工机械
91,兴业矿业
92,华天酒店
93,粤高速
94,张家界
95,晨鸣纸业
96,山东路桥
97,鄂武商
98,绿景控股
99,国新健康
100,生物
101,京粮控股
102,中润资源
103,珠海港
104,华塑
105,新金路
106,丽珠集团
107,渝开发
108,国际医学
109,荣安地产
110,四环生物
111,中兵红箭
112,长航凤凰
113,长虹美菱
114,广州浪奇
115,岭南控股
116,红太阳
117,紫光学大
118,柳工
119,广弘控股
120,冰山冷热
121,穗恒运
122,华金资本
123,顺钠股份
124,万泽股份
125,华映
126,广宇发展
127,云南白药
128,粤电力
129,中天金融
130,佛山照明
131,皖能电力
132,中原环保
133,金浦钛业
134,金圆股份
135,航天发展
136,湖南投资
137,江铃汽车
138,创元科技
139,靖远煤电
140,安道麦
141,泰山石油
142,神州信息
143,西部创业
144,莱茵体育
145,万向钱潮
146,我爱我家
147,烽火电子
148,陕国投
149,供销大集
150,渝三峡
151,海南海药
152,海德股份
153,泸州老窖
154,苏常柴
155,大洲
156,海马
157,粤宏远
158,广东甘化
159,威孚高科
160,北部湾港
161,哈工智能
162,东电
163,汇源通信
164,金洲
165,贵州轮胎
166,启迪古汉
167,太阳能
168,平潭发展
169,大通燃气
170,宝实
171,古井贡酒
172,东北制药
173,兴蓉环境
174,青岛双星
175,建投能源
176,韶能股份
177,盛达资源
178,渤海股份
179,顺利办
180,华媒控股
181,阳光股份
182,中迪投资
183,西安旅游
184,天首
185,焦作万方
186,大东海
187,京汉股份
188,海航投资
189,中油资本
190,海螺型材
191,新华联
192,恒立实业
193,吉林敖东
194,长安汽车
195,远大控股
196,天茂集团
197,高新发展
198,攀钢钒钛
199,铜陵有色
200,顺发恒业
201,三木集团
202,合金投资
203,英力特
204,风华高科
205,茂化实华
206,万方发展
207,西王食品
208,仁和药业
209,格力电器
210,泰达股份
211,金岭矿业
212,金科股份
213,中钨高新
214,珠海中富
215,长春高新
216,天夏
217,永林
218,湖北广电
219,经纬纺机
220,美好置业
221,荣丰控股
222,金鸿
223,盈方
224,阳光城
225,上峰水泥
226,当代
227,智度股份
228,恒天海龙
229,襄阳轴承
230,友谊
231,山推股份
232,视觉中国
233,东方电子
234,远兴能源
235,中山公用
236,东北证券
237,华讯
238,国城矿业
239,宝新能源
240,亚太实业
241,惠天热电
242,滨海能源
243,炼石航空
244,沈阳化工
245,模塑科技
246,厦门信达
247,正虹科技
248,恒逸石化
249,浙江震元
250,双环
251,中信特钢
252,河钢股份
253,贝瑞基因
254,京蓝科技
255,锦龙股份
256,丰乐种业
257,中兴商业
258,黑芝麻
259,韶钢松山
260,苏宁环球
261,中原传媒
262,新能泰山
263,西安饮食
264,湖南发展
265,美锦能源
266,京东方
267,鲁泰
268,东科
269,国元证券
270,燕京啤酒
271,四川美丰
272,泰禾集团
273,振华科技
274,罗牛山
275,中交地产
276,南风
277,航发控制
278,普洛药业
279,国海证券
280,锌业股份
281,西发
282,漳州发展
283,山西路桥
284,新华制药
285,浩物股份
286,中色股份
287,中百集团
288,斯太
289,本钢板材
290,西藏矿业
291,通化金马
292,漳泽电力
293,中航飞机
294,广发证券
295,中核科技
296,新兴铸管
297,甘咨询
298,平能
299,美达股份
300,长江证券
301,居然之家
302,北新建材
303,北大医药
304,万年青
305,华神科技
306,甘肃电投
307,盐湖
308,华闻集团
309,英洛华
310,凯撒旅业
311,中国武夷
312,中水渔业
313,酒鬼酒
314,一汽解放
315,四川九洲
316,北京文化
317,金宇
318,银河
319,云铝股份
320,铁岭新城
321,创维数字
322,冰轮环境
323,陕西金叶
324,德展健康
325,美利云
326,慧业
327,航锦科技
328,岳阳兴长
329,节能
330,京山轻机
331,山东海化
332,超声电子
333,太钢不锈
334,启迪环境
335,东莞控股
336,天音控股
337,鲁西化工
338,五矿稀土
339,粤桂股份
340,长动
341,富通鑫茂
342,秦机
343,财信发展
344,中信国安
345,承德露露
346,华茂股份
347,高鸿股份
348,石化机械
349,冀东装备
350,五粮液
351,国风塑业
352,顺鑫农业
353,海印股份
354,银星能源
355,三湘印象
356,安凯
357,张裕
358,吉电股份
359,新希望
360,天山股份
361,云南铜业
362,潍柴重机
363,中广核技
364,华联股份
365,湖北能源
366,城发环境
367,海南高速
368,中鼎股份
369,峨眉山
370,中嘉博创
371,胜尔
372,欢瑞世纪
373,东凌国际
374,双汇发展
375,津滨发展
376,鞍钢股份
377,赣能股份
378,现代投资
379,航天科技
380,新洋丰
381,云内动力
382,厦门港务
383,浙商中拓
384,景峰医药
385,数源科技
386,大亚圣象
387,南糖
388,泸天化
389,钱江摩托
390,山大华特
391,电广传媒
392,嘉凯城
393,金陵药业
394,南方汇通
395,海信家电
396,佳电股份
397,河钢资源
398,众合科技
399,福星股份
400,夏利
401,中钢国际
402,兰州黄河
403,中粮科技
404,中关村
405,华菱钢铁
406,神火股份
407,四川双马
408,华西股份
409,冀中能源
410,紫光股份
411,凯迪
412,南天信息
413,新乡化纤
414,重药控股
415,中国重汽
416,广济药业
417,河化
418,欣龙控股
419,中通客车
420,东方能源
421,首钢股份
422,锡业股份
423,中南建设
424,东方钽业
425,华东医药
426,天保基建
427,长源电力
428,盈峰环境
429,蓝焰控股
430,安泰科技
431,中科三环
432,高升
433,中基
434,佛塑科技
435,银泰黄金
436,华铁股份
437,浪潮信息
438,桂林旅游
439,众泰
440,银亿
441,中绒
442,西山煤电
443,大庆华科
444,越秀金控
445,华工科技
446,九芝堂
447,诚志股份
448,闽东电力
449,皇台
450,中国中期
451,新大陆
452,隆平高科
453,华润三九
454,宗申动力
455,招商港口
456,豫能控股
457,招商积余
458,招商公路
459,招商蛇口
460,新和成
461,鸿达兴业
462,伟星股份
463,华邦健康
464,德豪
465,精功科技
466,华兰生物
467,大族激光
468,天奇股份
469,传化智联
470,盾安环境
471,凯恩股份
472,中航机电
473,永新股份
474,协鑫能科
475,世荣兆业
476,东信和平
477,亿帆医药
478,京新药业
479,中捷
480,科华生物
481,海特高新
482,苏宁易购
483,航天电器
484,山东威达
485,分众传媒
486,思源电气
487,七匹狼
488,达安基因
489,巨轮智能
490,苏泊尔
491,丽江股份
492,旺能环境
493,华帝股份
494,联创电子
495,保利联合
496,双鹭药业
497,黔源电力
498,南京港
499,登海种业
500,华孚时尚
501,兔宝宝
502,美年健康
503,国光电器
504,轴研科技
505,宝鹰股份
506,宁波华翔
507,紫光国微
508,三花智控
509,中工国际
510,同洲
511,云南能投
512,德美化工
513,得润电子
514,横店东磁
515,中钢天源
516,威尔泰
517,云南旅游
518,粤水电
519,浙江交科
520,宏润建设
521,远光软件
522,华峰氨纶
523,东华软件
524,瑞泰科技
525,景兴纸业
526,黑猫股份
527,獐子岛
528,长城
529,凯瑞
530,软控股份
531,国轩高科
532,沙钢股份
533,雪莱
534,大港
535,太阳纸业
536,苏州固锝
537,中材科技
538,金螳螂
539,万邦德
540,孚日股份
541,海鸥住工
542,万丰奥威
543,东洋
544,新野纺织
545,鲁阳节能
546,新海
547,金智科技
548,江苏国泰
549,中泰化学
550,国脉科技
551,青岛金王
552,生意宝
553,南岭民爆
554,山河智能
555,浔兴股份
556,海翔药业
557,天康生物
558,广东鸿图
559,冠福
560,广博股份
561,恒宝股份
562,信隆健康
563,莱宝高科
564,沃华医药
565,沧州明珠
566,兴化股份
567,三钢闽光
568,威海广泰
569,三变科技
570,天润
571,罗平锌电
572,三维通信
573,中国海诚
574,东港股份
575,紫鑫药业
576,康强电子
577,韵达股份
578,科陆
579,天马
580,梦网集团
581,天邦股份
582,湘潭电化
583,银轮股份
584,南极电商
585,露天煤业
586,中环股份
587,沃尔核材
588,利欧股份
589,恒星科技
590,广宇集团
591,天津普林
592,东南网架
593,安纳达
594,麦达数字
595,顺络电子
596,拓邦股份
597,东华科技
598,贤丰控股
599,宁波银行
600,宏达高科
601,中核钛白
602,荣盛发展
603,新光
604,北纬科技
605,西部材料
606,通润装备
607,北斗星通
608,广电运通
609,石基信息
610,报喜鸟
611,湖南黄金
612,通富微电
613,正邦科技
614,汉钟精机
615,三特索道
616,常铝股份
617,远望谷
618,悦心健康
619,海南发展
620,宁波东力
621,红宝丽
622,莱茵生物
623,东方锆业
624,惠程科技
625,智光电气
626,芭田股份
627,楚江新材
628,澳洋健康
629,创新医疗
630,游族网络
631,东网
632,江特
633,御银股份
634,延华智能
635,中航光电
636,纳思达
637,粤传媒
638,云海金属
639,怡亚通
640,海得控制
641,华天科技
642,全聚德
643,广百股份
644,巴士
645,中光学
646,成飞集成
647,劲嘉股份
648,融捷
649,如意集团
650,武汉凡谷
651,二三四五
652,方正电机
653,证通电子
654,嘉应制药
655,东晶电子
656,云投
657,九鼎新材
658,金风科技
659,海亮股份
660,大连重工
661,国统股份
662,海利得
663,准油股份
664,合肥城建
665,达意隆
666,飞马
667,宏达新材
668,南洋股份
669,特尔佳
670,大立科技
671,诺普信
672,三全食品
673,合力泰
674,拓日新能
675,恒康
676,天宝退
677,东华能源
678,福晶科技
679,鱼跃医疗
680,三力士
681,濮耐股份
682,江南化工
683,奥特迅
684,合兴包装
685,鸿博股份
686,科大讯飞
687,奥维通信
688,启明信息
689,塔牌集团
690,民和股份
691,安妮股份
692,大华股份
693,恒邦股份
694,天威视讯
695,奥特佳
696,威华股份
697,歌尔股份
698,九阳股份
699,通产丽星
700,滨江集团
701,澳洋顺昌
702,北化股份
703,聚力
704,华东数控
705,大洋电机
706,联化科技
707,步步高
708,上海莱士
709,川大智胜
710,泰和新材
711,海陆
712,兆新
713,利尔化学
714,升达
715,德奥
716,拓维信息
717,恩华药业
718,大东南
719,新华都
720,西仪股份
721,浙富控股
722,陕天然气
723,卫士通
724,美邦服饰
725,华明装备
726,东方雨虹
727,川润股份
728,水晶光电
729,华昌化工
730,桂林三金
731,万马股份
732,友阿股份
733,神开股份
734,久其软件
735,联络
736,光迅科技
737,博深股份
738,天润工业
739,亚太股份
740,世联行
741,保龄宝
742,奇正藏药
743,超华科技
744,宇顺
745,中科创
746,星期六
747,奥飞娱乐
748,罗莱生活
749,信立泰
750,精艺股份
751,辉煌科技
752,博云新材
753,中电兴发
754,圣农发展
755,太阳电缆
756,齐心集团
757,西部建设
758,美盈森
759,洋河股份
760,南国置业
761,云网
762,北新路桥
763,威创股份
764,中利集团
765,东方园林
766,海大集团
767,三泰控股
768,日海智能
769,南山控股
770,焦点科技
771,亚联发展
772,众生药业
773,久立特材
774,乐通
775,海峡股份
776,华英农业
777,理工环科
778,雅博
779,普利特
780,洪涛股份
781,永太科技
782,富安娜
783,新朋股份
784,皇氏集团
785,得利斯
786,皖通科技
787,仙琚制药
788,罗普
789,英威腾
790,科华恒盛
791,人乐
792,赛象科技
793,奥普光电
794,积成电子
795,格林美
796,新纶科技
797,巨力索具
798,慈文传媒
799,海宁皮城
800,潮宏基
801,柘中股份
802,泰尔股份
803,高乐股份
804,精华制药
805,北京科锐
806,漫步者
807,顺丰控股
808,杰瑞股份
809,天娱
810,兴民智通
811,赫美
812,富临运业
813,森源电气
814,北讯
815,同德化工
816,神剑股份
817,汉王科技
818,隆基机械
819,中恒电气
820,永安药业
821,台海核电
822,康力电梯
823,太极股份
824,卓翼科技
825,亚太药业
826,北方华创
827,伟星新材
828,千方科技
829,丽鹏股份
830,亚厦股份
831,新北洋
832,国创高新
833,章源钨业
834,宏创控股
835,科远智慧
836,双箭股份
837,蓝帆医疗
838,合众思壮
839,东山精密
840,大北农
841,天原集团
842,维信诺
843,新亚制程
844,航天彩虹
845,信邦制药
846,长青股份
847,北京利尔
848,力生制药
849,联发股份
850,双象股份
851,星网锐捷
852,梦洁股份
853,垒知集团
854,海普瑞
855,省广集团
856,中远海科
857,和而泰
858,爱仕达
859,嘉欣丝绸
860,四维图新
861,远东传动
862,多氟多
863,齐翔腾达
864,雅克科技
865,广联达
866,延安必康
867,汉森制药
868,雷科防务
869,高德红外
870,海康威视
871,爱施德
872,深南股份
873,康盛
874,天虹股份
875,毅昌
876,达实智能
877,科伦药业
878,中粮资本
879,贵州百灵
880,凯撒文化
881,胜利
882,尤夫
883,云南锗业
884,兆驰股份
885,杭氧股份
886,棕榈股份
887,九安医疗
888,太安堂
889,万里扬
890,长江健康
891,兴森科技
892,誉衡药业
893,江苏神通
894,启明星辰
895,闰土股份
896,众业达
897,龙星化工
898,金洲管道
899,巨星科技
900,中南
901,盛路通信
902,晨鑫
903,中原内配
904,国星光电
905,康得
906,摩恩电气
907,长高集团
908,华软科技
909,松芝股份
910,百川股份
911,欧菲光
912,青龙管业
913,益生股份
914,晶澳科技
915,赣锋锂业
916,珠江啤酒
917,嘉事堂
918,沪电股份
919,众应互联
920,海格通信
921,天齐锂业
922,二六三
923,申通快递
924,三维工程
925,金正
926,中超控股
927,双环传动
928,圣莱达
929,榕基软件
930,立讯精密
931,宝莫股份
932,常宝股份
933,富春环保
934,新筑股份
935,双塔食品
936,广田集团
937,润邦股份
938,江海股份
939,希努尔
940,嘉麟杰
941,大金重工
942,金固股份
943,浙江永强
944,山东墨龙
945,通鼎互联
946,恒基达鑫
947,荣盛石化
948,华斯股份
949,佳隆股份
950,辉丰
951,雅化集团
952,汉缆股份
953,科林
954,山西证券
955,利源
956,鼎龙
957,搜于特
958,弘高创意
959,大康农业
960,协鑫集成
961,涪陵榨菜
962,老板电器
963,天茂退
964,天汽模
965,中顺洁柔
966,达华智能
967,蓝丰
968,宝馨科技
969,金字火腿
970,旷达科技
971,恺英网络
972,科士达
973,银河电子
974,日发精机
975,齐峰新材
976,浙江众成
977,天桥起重
978,光正集团
979,山东矿机
980,新时达
981,英飞拓
982,海源
983,金财互联
984,天顺风能
985,新界泵业
986,金杯电工
987,杭锅股份
988,林重
989,飞龙股份
990,海联金汇
991,司尔特
992,云图控股
993,亚太科技
994,鸿路钢构
995,中化岩土
996,万和电气
997,杰赛科技
998,东方铁塔
999,新联电子
1000,春兴精工
1001,金新农
1002,凯美特气
1003,千红制药
1004,尚荣医疗
1005,宝鼎科技
1006,南方轴承
1007,惠博普
1008,三七互娱
1009,辉隆股份
1010,洽洽食品
1011,巨人网络
1012,亚威股份
1013,通达股份
1014,徐家汇
1015,兄弟科技
1016,森马服饰
1017,天沃科技
1018,顺灏股份
1019,益盛药业
1020,唐人神
1021,百润股份
1022,步森
1023,贝因美
1024,德力股份
1025,索菲亚
1026,清新环境
1027,明牌珠宝
1028,群兴
1029,通达动力
1030,雷柏科技
1031,闽发铝业
1032,中京电子
1033,圣阳股份
1034,未名医药
1035,好想你
1036,海能达
1037,西陇科学
1038,双星新材
1039,围海
1040,奥拓电子
1041,史丹利
1042,瑞康医药
1043,万安科技
1044,恒大高新
1045,八菱
1046,日上集团
1047,比亚迪
1048,豪迈科技
1049,海南瑞泽
1050,金禾实业
1051,山东章鼓
1052,盛通股份
1053,领益智造
1054,龙蟒佰利
1055,世纪华通
1056,以岭药业
1057,龙力退
1058,姚记科技
1059,大连电瓷
1060,中公教育
1061,江苏国信
1062,捷顺科技
1063,爱康科技
1064,东方精工
1065,朗姿股份
1066,北玻股份
1067,奥佳华
1068,哈尔斯
1069,长青集团
1070,露笑科技
1071,丹邦科技
1072,艾格拉斯
1073,瑞和股份
1074,美吉姆
1075,融钰集团
1076,亚玛顿
1077,完美世界
1078,光启技术
1079,金达威
1080,宜昌交运
1081,成都路桥
1082,仁智
1083,华西能源
1084,德尔未来
1085,道明光学
1086,申科股份
1087,棒杰股份
1088,安洁科技
1089,金安国纪
1090,赞宇科技
1091,勤上
1092,雪人股份
1093,跨境通
1094,永高股份
1095,荣之联
1096,万润股份
1097,佛慈制药
1098,华宏科技
1099,青青稞酒
1100,仁东控股
1101,卫星石化
1102,博彦科技
1103,加加
1104,利君股份
1105,扬子新材
1106,海思科
1107,万润科技
1108,共达电声
1109,摩登
1110,中科金财
1111,雪迪龙
1112,凯文教育
1113,茂硕电源
1114,克明面业
1115,京威股份
1116,普邦股份
1117,长鹰信质
1118,首航高科
1119,德联集团
1120,鞍重股份
1121,奥马电器
1122,康达新材
1123,国盛金控
1124,龙泉股份
1125,东江环保
1126,西部证券
1127,兴业科技
1128,东诚药业
1129,顺威股份
1130,浙江美大
1131,珠江钢琴
1132,福建金森
1133,奋达
1134,龙洲股份
1135,宏大爆破
1136,猛狮
1137,华东重机
1138,亿利达
1139,乔治白
1140,金河生物
1141,远大智能
1142,美亚光电
1143,冀凯股份
1144,远程
1145,双成药业
1146,顾地科技
1147,煌上煌
1148,百洋股份
1149,红旗连锁
1150,博实股份
1151,美盛文化
1152,浩源
1153,奥瑞金
1154,海欣食品
1155,浙江世宝
1156,新宝股份
1157,良信电器
1158,众信旅游
1159,光洋股份
1160,天赐材料
1161,欧浦
1162,思美传媒
1163,东易日盛
1164,牧原股份
1165,登云股份
1166,金贵
1167,岭南股份
1168,友邦吊顶
1169,麦趣
1170,金一文化
1171,金轮股份
1172,金莱特
1173,海洋王
1174,跃岭股份
1175,龙大肉食
1176,一心堂
1177,特一药业
1178,好利来
1179,电光科技
1180,萃华珠宝
1181,燕塘乳业
1182,雄韬股份
1183,利民股份
1184,王子新材
1185,国信证券
1186,葵花药业
1187,中矿资源
1188,万达电影
1189,爱迪尔
1190,光华科技
1191,三圣股份
1192,富煌钢构
1193,木林森
1194,仙坛股份
1195,埃斯顿
1196,世龙实业
1197,国光股份
1198,龙津药业
1199,易尚展示
1200,N兴股份
1201,永东股份
1202,奥赛康
1203,永兴材料
1204,南兴股份
1205,华通医药
1206,天际股份
1207,凤形股份
1208,多喜爱
1209,金发拉比
1210,汇洁股份
1211,蓝黛传动
1212,索菱
1213,先锋电子
1214,国恩股份
1215,普路通
1216,科迪
1217,真视通
1218,众兴菌业
1219,康弘药业
1220,快意电梯
1221,文科园林
1222,柏堡龙
1223,久远银海
1224,高科石化
1225,中坚科技
1226,三夫户外
1227,奇信股份
1228,可立克
1229,凯龙股份
1230,万里石
1231,银宝山新
1232,华源控股
1233,鹭燕医药
1234,建艺集团
1235,瑞尔特
1236,坚朗五金
1237,通宇通讯
1238,罗欣药业
1239,永和智控
1240,世嘉科技
1241,第一创业
1242,帝欧家居
1243,环球印务
1244,天顺股份
1245,微光股份
1246,洪汇新材
1247,吉宏股份
1248,丰元股份
1249,华锋股份
1250,江阴银行
1251,恒久科技
1252,红墙股份
1253,山东赫达
1254,郑中设计
1255,恩捷股份
1256,路畅科技
1257,崇达技术
1258,和科达
1259,黄山胶囊
1260,富森美
1261,东方中科
1262,桂发祥
1263,凯莱英
1264,中装建设
1265,凯中精密
1266,和胜股份
1267,纳尔股份
1268,易明医药
1269,高争民爆
1270,贝肯能源
1271,星网宇达
1272,名雕股份
1273,裕同科技
1274,比音勒芬
1275,弘亚数控
1276,同为股份
1277,新宏泽
1278,英维克
1279,道恩股份
1280,张家港行
1281,华统股份
1282,视源股份
1283,翔鹭钨业
1284,泰嘉股份
1285,同兴达
1286,英联股份
1287,盐津铺子
1288,高斯贝尔
1289,威星智能
1290,科达利
1291,麦格米特
1292,道道全
1293,皮阿诺
1294,捷荣技术
1295,美芝股份
1296,三晖电气
1297,力盛赛车
1298,洁美科技
1299,星帅尔
1300,瀛通通讯
1301,实丰文化
1302,今飞凯达
1303,盘龙药业
1304,钧达股份
1305,传艺科技
1306,周大生
1307,绿康生化
1308,金溢科技
1309,香山股份
1310,伟隆股份
1311,天圣
1312,新天药业
1313,安奈儿
1314,三利谱
1315,智能自控
1316,元隆雅图
1317,长缆科技
1318,卫光生物
1319,美格智能
1320,金龙羽
1321,中设股份
1322,凌霄泵业
1323,京泉华
1324,沃特股份
1325,绿茵生态
1326,惠威科技
1327,东方嘉盛
1328,弘宇股份
1329,中宠股份
1330,科力尔
1331,华通热力
1332,川恒股份
1333,中大力德
1334,意华股份
1335,赛隆药业
1336,英派斯
1337,哈三联
1338,大博医疗
1339,铭普光磁
1340,宇环数控
1341,金逸影视
1342,华阳集团
1343,华森制药
1344,德生科技
1345,集泰股份
1346,庄园牧场
1347,佛燃能源
1348,中新赛克
1349,奥士康
1350,中欣氟材
1351,深南电路
1352,金奥博
1353,蒙娜丽莎
1354,名臣健康
1355,德赛西威
1356,联诚精密
1357,伊戈尔
1358,润都股份
1359,盈趣科技
1360,华西证券
1361,泰永长征
1362,华夏航空
1363,润建股份
1364,宏川智慧
1365,锋龙股份
1366,明德生物
1367,新兴装备
1368,天奥电子
1369,郑州银行
1370,兴瑞科技
1371,鹏鼎控股
1372,长城证券
1373,昂利康
1374,新疆交建
1375,新农股份
1376,宇晶股份
1377,华林证券
1378,新乳业
1379,恒铭达
1380,青岛银行
1381,华阳国际
1382,奥美医疗
1383,金时科技
1384,亚世光电
1385,日丰股份
1386,鸿合科技
1387,西麦食品
1388,科瑞技术
1389,青农商行
1390,小熊电器
1391,青鸟消防
1392,瑞达期货
1393,五方光电
1394,豪尔赛
1395,祥鑫科技
1396,苏州银行
1397,广电计量
1398,新大正
1399,嘉美包装
1400,锐明技术
1401,和远气体
1402,科安达
1403,侨银环保
1404,博杰股份
1405,瑞玛工业
1406,天箭科技
1407,安宁股份
1408,雷赛智能
1409,华盛昌
1410,朝阳科技
1411,湘佳股份
1412,芯瑞达
1413,北摩高科
1414,宇新股份
1415,京北方
1416,豪美新材
1417,中天精装
1418,盛视科技
1419,中国广核
1420,特锐德
1421,神州泰岳
1422,乐普医疗
1423,南风股份
1424,探路者
1425,莱美药业
1426,汉威科技
1427,天海防务
1428,安科生物
1429,立思辰
1430,鼎汉技术
1431,华测检测
1432,新宁物流
1433,亿纬锂能
1434,爱尔眼科
1435,北陆药业
1436,网宿科技
1437,中元股份
1438,硅宝科技
1439,银江股份
1440,大禹节水
1441,吉峰科技
1442,宝德股份
1443,机器人
1444,华星创业
1445,红日药业
1446,华谊兄弟
1447,金亚退
1448,天龙光电
1449,阳普医疗
1450,宝通科技
1451,金龙机电
1452,同花顺
1453,钢研高纳
1454,中科电气
1455,超图软件
1456,新宙邦
1457,数知科技
1458,上海凯宝
1459,九洲电气
1460,回天新材
1461,朗科科技
1462,星辉娱乐
1463,赛为智能
1464,华力创通
1465,台基股份
1466,天源迪科
1467,合康新能
1468,福瑞股份
1469,世纪鼎利
1470,三五互联
1471,中青宝
1472,欧比特
1473,鼎龙股份
1474,万邦达
1475,中创环保
1476,万顺新材
1477,蓝色光标
1478,东方财富
1479,旗天科技
1480,中能电气
1481,天龙集团
1482,豫金刚石
1483,海兰信
1484,三川智慧
1485,安诺其
1486,南都电源
1487,金利华电
1488,碧水源
1489,华谊嘉信
1490,三聚环保
1491,当升科技
1492,华平股份
1493,数字政通
1494,视讯
1495,国民技术
1496,思创医惠
1497,数码科技
1498,易成新能
1499,恒信东方
1500,奥克股份
1501,劲胜智能
1502,海默科技
1503,银之杰
1504,康芝药业
1505,荃银高科
1506,长信科技
1507,文化长城
1508,盛运环保
1509,金通灵
1510,科新机电
1511,金刚玻璃
1512,国联水产
1513,华伍股份
1514,易联众
1515,智云股份
1516,高新兴
1517,精准信息
1518,双林股份
1519,振芯科技
1520,乾照光电
1521,达刚控股
1522,乐视退
1523,龙源技术
1524,西部牧业
1525,建新股份
1526,吉药控股
1527,新开源
1528,华仁药业
1529,向日葵
1530,万讯自控
1531,顺网科技
1532,中航电测
1533,长盈精密
1534,坚瑞沃能
1535,嘉寓股份
1536,东方日升
1537,瑞普生物
1538,经纬辉开
1539,阳谷华泰
1540,智飞生物
1541,亚光科技
1542,汇川技术
1543,聆达股份
1544,锐奇股份
1545,银河磁体
1546,锦富技术
1547,泰胜风能
1548,新国都
1549,英唐智控
1550,青松股份
1551,华策影视
1552,大富科技
1553,宝利国际
1554,信维通信
1555,先河环保
1556,晨光生物
1557,晓程科技
1558,中环装备
1559,和顺电气
1560,沃森生物
1561,盈康生命
1562,宋城演艺
1563,中金环境
1564,汤臣倍健
1565,香雪制药
1566,天舟文化
1567,量子生物
1568,世纪瑞尔
1569,昌红科技
1570,科融环境
1571,科泰电源
1572,瑞凌股份
1573,安居宝
1574,神雾环保
1575,恒泰艾普
1576,振东制药
1577,新研股份
1578,秀强股份
1579,华中数控
1580,雷曼光电
1581,先锋新材
1582,通源石油
1583,天瑞仪器
1584,东方国信
1585,迪威迅
1586,万达信息
1587,天晟新材
1588,汉得信息
1589,东富龙
1590,中电环保
1591,智慧松德
1592,元力股份
1593,朗源股份
1594,派生科技
1595,中海达
1596,腾邦国际
1597,四方达
1598,华峰超纤
1599,佐力药业
1600,捷成股份
1601,东软载波
1602,力源信息
1603,通裕重工
1604,永清环保
1605,美亚柏科
1606,神农科技
1607,维尔利
1608,潜能恒信
1609,科斯伍德
1610,佳士科技
1611,福安药业
1612,长荣股份
1613,长海股份
1614,铁汉生态
1615,纳川股份
1616,翰宇药业
1617,高盟新材
1618,海伦哲
1619,聚龙股份
1620,聚光科技
1621,舒泰神
1622,天喻信息
1623,理邦仪器
1624,欣旺达
1625,青岛中程
1626,天泽信息
1627,森远股份
1628,亿通科技
1629,易华录
1630,佳讯飞鸿
1631,日科化学
1632,电科院
1633,千山药机
1634,东方电热
1635,安利股份
1636,鸿利智汇
1637,金运激光
1638,银禧科技
1639,科大智能
1640,北京君正
1641,正海磁材
1642,金力泰
1643,上海钢联
1644,光韵达
1645,富瑞特装
1646,拓尔思
1647,永利股份
1648,银信科技
1649,洲明科技
1650,金城医药
1651,开尔新材
1652,方直科技
1653,上海新阳
1654,美晨生态
1655,冠昊生物
1656,东宝生物
1657,飞力达
1658,瑞丰光电
1659,佳云科技
1660,瑞丰高材
1661,迪安诊断
1662,天玑科技
1663,宝莱特
1664,融捷健康
1665,新开普
1666,依米康
1667,初灵信息
1668,光线传媒
1669,金信诺
1670,卫宁健康
1671,仟源医药
1672,常山药业
1673,星星科技
1674,开山股份
1675,精锻科技
1676,新天科技
1677,新莱应材
1678,雅本化学
1679,巴安水务
1680,隆华科技
1681,佳创视讯
1682,通光线缆
1683,兴源环境
1684,尔康制药
1685,佳沃股份
1686,联建光电
1687,中威电子
1688,华宇软件
1689,开能健康
1690,和佳医疗
1691,阳光电源
1692,梅安森
1693,三丰智能
1694,海联讯
1695,华昌达
1696,和晶科技
1697,紫天科技
1698,金明精机
1699,三盛教育
1700,温州宏丰
1701,苏交科
1702,国瓷材料
1703,安科瑞
1704,飞利信
1705,朗玛信息
1706,利德曼
1707,荣科科技
1708,华录百纳
1709,吴通控股
1710,蓝英装备
1711,博雅生物
1712,三六五网
1713,利亚德
1714,蓝盾股份
1715,三诺生物
1716,富春股份
1717,汉鼎宇佑
1718,长方集团
1719,同有科技
1720,聚飞光电
1721,云意电气
1722,裕兴股份
1723,远方信息
1724,慈星股份
1725,中际旭创
1726,吉艾科技
1727,宜通世纪
1728,任子行
1729,邦讯技术
1730,天山生物
1731,戴维医疗
1732,掌趣科技
1733,晶盛机电
1734,珈伟新能
1735,博晖创新
1736,麦捷科技
1737,海达股份
1738,同大股份
1739,硕贝德
1740,华灿光电
1741,旋极信息
1742,德威新材
1743,凯利泰
1744,中颖电子
1745,宜安科技
1746,海伦钢琴
1747,华虹计通
1748,苏大维格
1749,天壕环境
1750,兆日科技
1751,津膜科技
1752,迪森股份
1753,新文化
1754,银邦股份
1755,开元股份
1756,润和软件
1757,科恒股份
1758,麦克奥迪
1759,天银机电
1760,联创股份
1761,太空智造
1762,红宇新材
1763,南大光电
1764,泰格医药
1765,长亮科技
1766,金卡智能
1767,华鹏飞
1768,永贵电器
1769,北信源
1770,东土科技
1771,东华测试
1772,蒙草生态
1773,光一科技
1774,我武生物
1775,楚天科技
1776,全通教育
1777,炬华科技
1778,天翔环境
1779,博腾股份
1780,中文在线
1781,恒华科技
1782,创意信息
1783,东方网力
1784,汇金股份
1785,绿盟科技
1786,安控科技
1787,汇中股份
1788,扬杰科技
1789,恒通科技
1790,鹏翎股份
1791,易事特
1792,赢时胜
1793,鼎捷软件
1794,东方通
1795,安硕信息
1796,溢多利
1797,斯莱克
1798,光环新网
1799,三联虹普
1800,雪浪环境
1801,飞天诚信
1802,富邦股份
1803,国祯环保
1804,艾比森
1805,天华超净
1806,康跃科技
1807,腾信股份
1808,中来股份
1809,天孚通信
1810,菲利华
1811,迪瑞医疗
1812,天和防务
1813,飞凯材料
1814,京天利
1815,劲拓股份
1816,花园生物
1817,宝色股份
1818,汉宇集团
1819,博济医药
1820,科隆股份
1821,九强生物
1822,凯发电气
1823,三环集团
1824,道氏技术
1825,正业科技
1826,金盾股份
1827,迦南科技
1828,芒果超媒
1829,中光防雷
1830,伊之密
1831,苏试试验
1832,南华仪器
1833,昆仑万维
1834,浩丰科技
1835,五洋停车
1836,力星股份
1837,博世科
1838,鲁亿通
1839,航新科技
1840,中建环能
1841,唐德影视
1842,红相股份
1843,四通新材
1844,强力新材
1845,诚益通
1846,暴风集团
1847,富临精工
1848,蓝思科技
1849,金石亚药
1850,中泰股份
1851,广生堂
1852,清水源
1853,鹏辉能源
1854,美康生物
1855,运达科技
1856,鲍斯股份
1857,普丽盛
1858,金雷股份
1859,双杰电气
1860,康斯特
1861,乐凯新材
1862,全信股份
1863,浩云科技
1864,汉邦高科
1865,先导智能
1866,创业慧康
1867,山河药辅
1868,三鑫医疗
1869,深信服
1870,康拓红外
1871,赛微电子
1872,赢合科技
1873,全志科技
1874,金科文化
1875,惠伦晶体
1876,田中精机
1877,华铭智能
1878,迈克生物
1879,星徽精密
1880,高伟达
1881,赛摩智能
1882,迅游科技
1883,四方精创
1884,信息发展
1885,中密控股
1886,厚普股份
1887,新元科技
1888,德尔股份
1889,景嘉微
1890,聚隆科技
1891,胜宏科技
1892,合纵科技
1893,杭州高新
1894,神思电子
1895,光力科技
1896,濮阳惠成
1897,万孚生物
1898,沃施股份
1899,蓝海华腾
1900,赛升药业
1901,东杰智能
1902,蓝晓科技
1903,恒锋工具
1904,中飞股份
1905,华自科技
1906,通合科技
1907,华图山鼎
1908,润欣科技
1909,盛天网络
1910,美尚生态
1911,中科创达
1912,富祥药业
1913,温氏股份
1914,高澜股份
1915,启迪设计
1916,海顺新材
1917,新易盛
1918,昊志机电
1919,天邑股份
1920,川金诺
1921,名家汇
1922,苏奥传感
1923,维宏股份
1924,新美星
1925,金冠股份
1926,雪榕生物
1927,中亚股份
1928,恒实科技
1929,友讯达
1930,三德科技
1931,久之洋
1932,海波重科
1933,盛讯达
1934,新光药业
1935,科大国创
1936,爱司凯
1937,世名科技
1938,辰安科技
1939,博思软件
1940,中潜股份
1941,中船应急
1942,幸福蓝海
1943,健帆生物
1944,达志科技
1945,优博讯
1946,今天国际
1947,冰川网络
1948,陇神戎发
1949,达威股份
1950,农尚环境
1951,广信材料
1952,同益股份
1953,横河模具
1954,深冷股份
1955,先进数通
1956,新晨科技
1957,朗科智能
1958,联得装备
1959,雄帝科技
1960,川环科技
1961,博创科技
1962,优德精密
1963,和仁科技
1964,古鳌科技
1965,万集科技
1966,集智股份
1967,三超新材
1968,路通视信
1969,丝路视觉
1970,理工光科
1971,贝达药业
1972,佳发教育
1973,中富通
1974,汇金科技
1975,乐心医疗
1976,神宇股份
1977,筑博设计
1978,科信技术
1979,激智科技
1980,精测电子
1981,星源材质
1982,天能重工
1983,太辰光
1984,平治信息
1985,安车检测
1986,兴齐眼药
1987,中旗股份
1988,容大感光
1989,开润股份
1990,会畅通讯
1991,数字认证
1992,贝斯特
1993,晨曦航空
1994,英飞特
1995,赛托生物
1996,海辰药业
1997,奥联电子
1998,美联新材
1999,天铁股份
2000,熙菱信息
2001,江龙船艇
2002,移为通信
2003,万里马
2004,华凯创意
2005,新雷能
2006,朗进科技
2007,欧普康视
2008,利安隆
2009,吉大通信
2010,诚迈科技
2011,雄塑科技
2012,瑞特股份
2013,康泰生物
2014,飞荣达
2015,立昂技术
2016,长川科技
2017,恒锋信息
2018,金太阳
2019,拓斯达
2020,思特奇
2021,汇纳科技
2022,晨化股份
2023,美力科技
2024,宣亚国际
2025,富瀚微
2026,欣天科技
2027,尚品宅配
2028,安靠智电
2029,寒锐钴业
2030,金银河
2031,光库科技
2032,维业股份
2033,博士眼镜
2034,捷捷微电
2035,万兴科技
2036,三雄极光
2037,华瑞股份
2038,华测导航
2039,亿联网络
2040,新劲刚
2041,普利制药
2042,久吾高科
2043,光莆股份
2044,开立医疗
2045,彩讯股份
2046,中达安
2047,同和药业
2048,扬帆新材
2049,广和通
2050,凯普生物
2051,德艺文创
2052,正丹股份
2053,透景生命
2054,万通智控
2055,南京聚隆
2056,正元智慧
2057,超频三
2058,星云股份
2059,杭州园林
2060,太龙照明
2061,金陵体育
2062,雷迪克
2063,正海生物
2064,世纪天鸿
2065,晶瑞股份
2066,民德电子
2067,弘信电子
2068,延江股份
2069,中孚信息
2070,江苏雷利
2071,圣邦股份
2072,科锐国际
2073,科蓝软件
2074,鹏鹞环保
2075,飞鹿股份
2076,江丰电子
2077,必创科技
2078,杰恩设计
2079,沪宁股份
2080,大烨智能
2081,富满电子
2082,国科微
2083,佩蒂股份
2084,宇信科技
2085,建科院
2086,华大基因
2087,英科医疗
2088,中科信息
2089,电连技术
2090,隆盛科技
2091,英搏尔
2092,朗新科技
2093,海特生物
2094,中石科技
2095,艾德生物
2096,智动力
2097,赛意信息
2098,创业黑马
2099,澄天伟业
2100,双一科技
2101,联合光电
2102,中环环保
2103,盛弘股份
2104,蠡湖股份
2105,兆丰股份
2106,爱乐达
2107,电工合金
2108,万马科技
2109,光威复材
2110,岱勒新材
2111,森霸传感
2112,天宇股份
2113,创源文化
2114,九典制药
2115,阿石创
2116,威唐工业
2117,聚灿光电
2118,精研科技
2119,万隆光电
2120,广哈通信
2121,永福股份
2122,英可瑞
2123,凯伦股份
2124,国立科技
2125,华信新材
2126,长盛轴承
2127,安达维尔
2128,海川智能
2129,怡达股份
2130,新余国科
2131,一品红
2132,捷佳伟创
2133,药石科技
2134,宏达电子
2135,润禾材料
2136,乐歌股份
2137,科创信息
2138,科创新源
2139,设研院
2140,西菱动力
2141,光弘科技
2142,百邦科技
2143,科顺股份
2144,奥飞数据
2145,明阳电路
2146,御家汇
2147,华宝股份
2148,越博动力
2149,天地数码
2150,欣锐科技
2151,汉嘉设计
2152,锐科激光
2153,金力永磁
2154,顶固集创
2155,宁德时代
2156,迈为股份
2157,隆利科技
2158,爱朋医疗
2159,华致酒行
2160,中山金马
2161,罗博特科
2162,七彩化学
2163,康龙化成
2164,迈瑞医疗
2165,立华股份
2166,上海瀚讯
2167,锦浪科技
2168,新诺威
2169,每日互动
2170,震安科技
2171,迪普科技
2172,德方纳米
2173,新媒股份
2174,智莱科技
2175,运达股份
2176,拉卡拉
2177,三角防务
2178,帝尔激光
2179,中简科技
2180,新城市
2181,惠城环保
2182,德恩精工
2183,因赛集团
2184,卓胜微
2185,三只松鼠
2186,值得买
2187,国林科技
2188,海能实业
2189,中信出版
2190,唐源电气
2191,宇瞳光学
2192,仙乐健康
2193,壹网壹创
2194,佳禾智能
2195,米奥会展
2196,贝斯美
2197,钢研纳克
2198,锦鸡股份
2199,左江科技
2200,力合科技
2201,泰和科技
2202,矩子科技
2203,指南针
2204,电声股份
2205,斯迪克
2206,天迈科技
2207,久量股份
2208,华辰装备
2209,中科海讯
2210,铂科新材
2211,易天股份
2212,泰林生物
2213,玉禾田
2214,艾可蓝
2215,双飞股份
2216,耐普矿机
2217,聚杰微纤
2218,英杰电气
2219,东岳硅材
2220,贝仕达克
2221,建科机械
2222,北鼎股份
2223,阿尔特
2224,测绘股份
2225,上能电气
2226,锐新科技
2227,金丹科技
2228,金现代
2229,派瑞股份
2230,新产业
2231,浩洋股份
2232,龙磁科技
2233,佰奥智能
2234,浙矿股份
2235,浙江力诺
2236,博汇股份
2237,酷特
2238,康华生物
2239,帝科股份
2240,胜蓝股份
2241,捷安高科
2242,首都在线
2243,浦发银行
2244,白云机场
2245,东风汽车
2246,中国国贸
2247,首创股份
2248,上海机场
2249,包钢股份
2250,华能国际
2251,皖通高速
2252,华夏银行
2253,民生银行
2254,日照港
2255,上港集团
2256,宝钢股份
2257,中原高速
2258,上海电力
2259,山东钢铁
2260,浙能电力
2261,华能水电
2262,中远海能
2263,华电国际
2264,中国石化
2265,南方航空
2266,中信证券
2267,三一重工
2268,福建高速
2269,楚天高速
2270,招商银行
2271,歌华有线
2272,中直股份
2273,四川路桥
2274,保利地产
2275,中国联通
2276,宁波联合
2277,浙江广厦
2278,九鼎投资
2279,黄山旅游
2280,万东医疗
2281,中国医药
2282,厦门象屿
2283,五矿发展
2284,古越龙山
2285,海信视像
2286,国投资本
2287,华润双鹤
2288,皖维高新
2289,南京高科
2290,宇通客车
2291,冠城大通
2292,葛洲坝
2293,银鸽
2294,浙江富润
2295,凤凰光学
2296,中船科技
2297,上海梅林
2298,新疆天业
2299,康欣新材
2300,宋都股份
2301,澄星股份
2302,人福医药
2303,金花
2304,东风科技
2305,海泰发展
2306,博信
2307,中葡
2308,同仁堂
2309,金钰
2310,中视传媒
2311,特变电工
2312,济堂
2313,明科
2314,易见股份
2315,大名城
2316,哈高科
2317,云天化
2318,开创国际
2319,广州发展
2320,林海股份
2321,同方股份
2322,明星电力
2323,青山纸业
2324,上汽集团
2325,永鼎股份
2326,重庆路桥
2327,美尔雅
2328,亚盛集团
2329,国金证券
2330,诺德股份
2331,北方稀土
2332,天成
2333,浙江东日
2334,东睦股份
2335,东方航空
2336,三峡水利
2337,西宁特钢
2338,中国卫星
2339,长投
2340,浙江东方
2341,郑州煤电
2342,宏图
2343,兰花科创
2344,铁龙物流
2345,杭钢股份
2346,金健米业
2347,弘业股份
2348,太极集团
2349,波导股份
2350,国网信通
2351,重庆啤酒
2352,东湖高新
2353,乐凯胶片
2354,当代文体
2355,浪莎股份
2356,中青旅
2357,西部资源
2358,兴发集团
2359,金发科技
2360,新亿
2361,环球
2362,长春一东
2363,坊展
2364,中国船舶
2365,航天机电
2366,维科技术
2367,建发股份
2368,华创阳安
2369,华升股份
2370,永泰能源
2371,中体产业
2372,大龙地产
2373,巨化股份
2374,天坛生物
2375,香江控股
2376,中闽能源
2377,新日恒力
2378,福田汽车
2379,联美控股
2380,武汉控股
2381,太原重工
2382,上海建工
2383,上海贝岭
2384,黄河旋风
2385,卧龙地产
2386,退市美都
2387,中国巨石
2388,雅戈尔
2389,东安动力
2390,安通
2391,瑞茂通
2392,佳通
2393,生益科技
2394,光电股份
2395,格力地产
2396,莲花健康
2397,国中水务
2398,兖州煤业
2399,吉林森工
2400,锦州港
2401,华资实业
2402,长城电工
2403,创兴
2404,中牧股份
2405,复星医药
2406,伊力特
2407,大唐电信
2408,金种子酒
2409,江苏吴中
2410,生物股份
2411,哈空调
2412,福日电子
2413,有研新材
2414,安彩高科
2415,新湖中宝
2416,罗顿
2417,紫江企业
2418,西藏药业
2419,江泉
2420,亚星客车
2421,经开
2422,浙江医药
2423,中再资环
2424,全柴动力
2425,南山铝业
2426,江苏阳光
2427,海航控股
2428,太龙药业
2429,鲁商发展
2430,松江
2431,瀚叶
2432,圣济堂
2433,昌九
2434,城市传媒
2435,沧州大化
2436,凌钢股份
2437,金鹰股份
2438,圆通速递
2439,山水
2440,民丰特纸
2441,桂冠电力
2442,铜峰电子
2443,椰岛
2444,云南城投
2445,时万
2446,中昌
2447,海华
2448,万通地产
2449,成城
2450,延长化建
2451,两面针
2452,南纺股份
2453,冠农股份
2454,中恒集团
2455,梦舟
2456,广汇能源
2457,大湖股份
2458,首旅酒店
2459,广晟有色
2460,凯乐科技
2461,阳光照明
2462,北方股份
2463,景谷
2464,城建发展
2465,海正药业
2466,国电南自
2467,赣粤高速
2468,航天信息
2469,开开实业
2470,嘉化能源
2471,昌鱼
2472,恒瑞医药
2473,亿利洁能
2474,东方创业
2475,重庆港九
2476,中商
2477,太化股份
2478,南钢股份
2479,钱江水利
2480,浦东建设
2481,羚锐制药
2482,江苏舜天
2483,大恒科技
2484,信通
2485,华仪
2486,西水股份
2487,远达环保
2488,三峡新材
2489,鄂尔多斯
2490,广汇汽车
2491,安琪酵母
2492,安迪苏
2493,维维股份
2494,南化
2495,标准股份
2496,曙光股份
2497,恒顺醋业
2498,商城
2499,酒钢宏兴
2500,华泰股份
2501,万华化学
2502,桂东电力
2503,荣华
2504,平高电气
2505,农发种业
2506,上海家化
2507,洪都航空
2508,营口港
2509,新力金融
2510,亚星
2511,振华重工
2512,正源股份
2513,天房发展
2514,瀚蓝环境
2515,华发股份
2516,西藏天路
2517,大东方
2518,中盐化工
2519,中新药业
2520,天通股份
2521,宏达股份
2522,白云山
2523,长春燃气
2524,国机汽车
2525,澳柯玛
2526,美克家居
2527,西藏珠峰
2528,中油工程
2529,华夏幸福
2530,航天动力
2531,长江通信
2532,恒力石化
2533,阳泉煤业
2534,山东高速
2535,亚宝药业
2536,浙江龙盛
2537,旭光电子
2538,敦种
2539,精伦电子
2540,恒丰纸业
2541,联合
2542,新农开发
2543,华微电子
2544,华联综超
2545,江西铜业
2546,联创光电
2547,通葡股份
2548,宁波韵升
2549,红星发展
2550,五洲交通
2551,西南证券
2552,三房巷
2553,万向德农
2554,中航电子
2555,中文传媒
2556,华菱星马
2557,首开股份
2558,宁沪高速
2559,昊华科技
2560,宝光股份
2561,健康元
2562,青海春天
2563,广东明珠
2564,金地集团
2565,金泰
2566,北巴传媒
2567,海越能源
2568,龙净环保
2569,江山股份
2570,五矿资本
2571,航发科技
2572,盛和资源
2573,粤泰股份
2574,盘江股份
2575,金山股份
2576,安源煤业
2577,海澜之家
2578,抚钢
2579,红豆股份
2580,大有能源
2581,动力源
2582,国电南瑞
2583,安泰
2584,三友化工
2585,华胜天成
2586,小商品城
2587,湘电
2588,江淮汽车
2589,天润乳业
2590,现代制药
2591,仰帆
2592,昆药集团
2593,柳化
2594,青松建化
2595,华鲁恒升
2596,中远海特
2597,三元股份
2598,冠豪高新
2599,北方导航
2600,片仔癀
2601,通威股份
2602,瑞贝卡
2603,国机通用
2604,金证股份
2605,华纺股份
2606,宁夏建材
2607,涪陵电力
2608,博通股份
2609,宝钛股份
2610,时代新材
2611,贵研铂业
2612,士兰微
2613,洪城水业
2614,九有
2615,空港股份
2616,蓝光发展
2617,好当家
2618,百利电气
2619,风神股份
2620,六化
2621,华光环能
2622,湘邮科技
2623,杭萧钢构
2624,科力远
2625,千金药业
2626,凌云股份
2627,双良节能
2628,中国动力
2629,福能股份
2630,信威
2631,扬农化工
2632,亨通光电
2633,天药股份
2634,中金黄金
2635,鹏欣资源
2636,龙元建设
2637,凤竹纺织
2638,晋西车轴
2639,精工钢构
2640,驰宏锌锗
2641,烽火通信
2642,科达洁能
2643,中化国际
2644,航天晨光
2645,安徽建工
2646,华丽家族
2647,西昌电力
2648,香梨股份
2649,方大特钢
2650,上海能源
2651,天富能源
2652,黑牡丹
2653,国药股份
2654,腾达建设
2655,联环药业
2656,海航基础
2657,方大炭素
2658,国网英大
2659,康美
2660,贵州茅台
2661,文一科技
2662,华海药业
2663,中天科技
2664,贵航股份
2665,长园集团
2666,菲达环保
2667,江南高纤
2668,中铁工业
2669,山东药玻
2670,交昂
2671,豫光金铅
2672,宏达矿业
2673,栖霞建设
2674,天士力
2675,中国软件
2676,亿晶光电
2677,国发股份
2678,狮头
2679,新赛股份
2680,莫高股份
2681,卓郎智能
2682,山煤国际
2683,山东黄金
2684,深高速
2685,厦门钨业
2686,保变电气
2687,时代出版
2688,凯盛科技
2689,海创
2690,天下秀
2691,康缘药业
2692,大西洋
2693,老白干酒
2694,金自天正
2695,江西长运
2696,国睿科技
2697,法拉电子
2698,迪马股份
2699,济川药业
2700,山鹰纸业
2701,中珠
2702,安阳钢铁
2703,恒生电子
2704,信雅达
2705,康恩贝
2706,惠泉啤酒
2707,淮河能源
2708,祥源文化
2709,精达股份
2710,京能电力
2711,克劳斯
2712,卧龙电驱
2713,八一钢铁
2714,天地科技
2715,海油工程
2716,长电科技
2717,海螺水泥
2718,金晶科技
2719,新华医疗
2720,用友网络
2721,广东榕泰
2722,泰豪科技
2723,龙溪股份
2724,大连圣亚
2725,益佰制药
2726,中孚
2727,新安股份
2728,光明乳业
2729,北大荒
2730,熊猫
2731,青岛啤酒
2732,方正科技
2733,云赛智联
2734,广汇物流
2735,市北高新
2736,汇通能源
2737,绿地控股
2738,沪科
2739,金杯汽车
2740,毅达
2741,大众交通
2742,老凤祥
2743,神奇制药
2744,鹏起
2745,丰华股份
2746,金枫酒业
2747,国新能源
2748,氯碱化工
2749,海立股份
2750,天宸股份
2751,华鑫股份
2752,光大嘉宝
2753,华谊集团
2754,复旦复华
2755,申达股份
2756,新世界
2757,华建集团
2758,龙头股份
2759,浙数文化
2760,富控
2761,大众公用
2762,国新文化
2763,东方明珠
2764,新黄浦
2765,浦东金桥
2766,号百控股
2767,万业企业
2768,申能股份
2769,爱建集团
2770,乐山电力
2771,中源协和
2772,同达创业
2773,外高桥
2774,城投控股
2775,锦江投资
2776,飞乐
2777,游久
2778,申华控股
2779,中安
2780,豫园股份
2781,信达地产
2782,电子城
2783,福耀玻璃
2784,昂立教育
2785,强生控股
2786,陆家嘴
2787,哈药股份
2788,天地源
2789,瑞德
2790,太极实业
2791,尖峰集团
2792,目药
2793,东阳光
2794,川投能源
2795,中华企业
2796,交运股份
2797,航通
2798,四川金顶
2799,上海凤凰
2800,百川能源
2801,南京新百
2802,京投发展
2803,珠江实业
2804,中船防务
2805,金龙汽车
2806,刚泰
2807,上海石化
2808,上海三毛
2809,海尔智家
2810,阳煤化工
2811,亚通股份
2812,东百集团
2813,大商股份
2814,绿庭投资
2815,岩石
2816,欧亚集团
2817,天雁
2818,均胜电子
2819,工新
2820,舍得酒业
2821,三安光电
2822,物产中大
2823,中航资本
2824,曲江文旅
2825,彩虹股份
2826,光明地产
2827,苏美达
2828,盛屯矿业
2829,南宁百货
2830,南京医药
2831,金瑞矿业
2832,文投控股
2833,凤凰股份
2834,天津港
2835,东软集团
2836,大连热电
2837,祁连山
2838,百花
2839,金牛化工
2840,首商股份
2841,宁波富达
2842,云维
2843,华电能源
2844,鲁北化工
2845,佳都科技
2846,重庆百货
2847,中国高科
2848,湖南海利
2849,爱旭股份
2850,北汽蓝谷
2851,实达
2852,新华锦
2853,苏州高新
2854,中粮糖业
2855,兰州民百
2856,辽宁成大
2857,山西焦化
2858,华域汽车
2859,一汽富维
2860,华远地产
2861,华银电力
2862,闻泰科技
2863,江苏索普
2864,上实发展
2865,西藏旅游
2866,江中药业
2867,海航科技
2868,东方银星
2869,锦江酒店
2870,厦门国贸
2871,浪潮软件
2872,长江传媒
2873,辽宁能源
2874,洲际油气
2875,中航沈飞
2876,安徽合力
2877,通策医疗
2878,中国海防
2879,中航重机
2880,园城黄金
2881,运盛
2882,宁波富邦
2883,祥龙电业
2884,综艺股份
2885,广誉远
2886,西藏城投
2887,汉商集团
2888,南京熊猫
2889,东方通信
2890,新潮能源
2891,友好集团
2892,水井坊
2893,通宝能源
2894,辅仁
2895,新钢股份
2896,鲁信创投
2897,鲁银投资
2898,新华百货
2899,中储股份
2900,鲁抗医药
2901,轻纺城
2902,京能置业
2903,云煤能源
2904,宜宾纸业
2905,保税科技
2906,国电电力
2907,钱江生化
2908,浙大网新
2909,宁波海运
2910,天津磁卡
2911,华新水泥
2912,福建水泥
2913,新奥股份
2914,鹏博士
2915,悦达投资
2916,济南高新
2917,马钢股份
2918,山西汾酒
2919,神马股份
2920,东方集团
2921,华北制药
2922,杭州解百
2923,厦工
2924,安信
2925,宏盛
2926,中路股份
2927,耀皮玻璃
2928,隧道股份
2929,劝业
2930,上海物贸
2931,世茂股份
2932,益民集团
2933,新华传媒
2934,兰生股份
2935,百联股份
2936,茂业商业
2937,人民同泰
2938,香溢融通
2939,广电网络
2940,第一医药
2941,申通地铁
2942,上海机电
2943,界龙
2944,海通证券
2945,上海九百
2946,四川长虹
2947,上柴股份
2948,上工申贝
2949,丹化科技
2950,宝信软件
2951,同济科技
2952,万里股份
2953,上海临港
2954,华东电脑
2955,海欣股份
2956,龙建股份
2957,春兰股份
2958,航天长峰
2959,中天
2960,宁波中百
2961,银座股份
2962,王府井
2963,京城
2964,北京城乡
2965,中航高科
2966,内蒙华电
2967,哈投股份
2968,百大集团
2969,星湖科技
2970,通化东宝
2971,梅雁吉祥
2972,智慧能源
2973,厦华
2974,石化油服
2975,中炬高新
2976,梅花生物
2977,创业环保
2978,东方电气
2979,洛阳玻璃
2980,电能
2981,航天电子
2982,博瑞传播
2983,亚泰集团
2984,妙可蓝多
2985,博闻科技
2986,杉杉股份
2987,宏发股份
2988,国投电力
2989,伊利股份
2990,新疆众和
2991,南京化纤
2992,中房股份
2993,秋林
2994,大晟
2995,航发动力
2996,广日股份
2997,张江高科
2998,览海医疗
2999,厦门空港
3000,美讯
3001,长江电力
3002,江苏租赁
3003,贵州燃气
3004,无锡银行
3005,华安证券
3006,重庆燃气
3007,中泰证券
3008,江苏银行
3009,杭州银行
3010,西安银行
3011,湖南盐业
3012,爱柯迪
3013,广西广电
3014,重庆建工
3015,新天绿能
3016,东方证券
3017,江苏有线
3018,渤海汽车
3019,株冶集团
3020,国投中鲁
3021,岳阳林纸
3022,福成股份
3023,博汇纸业
3024,内蒙一机
3025,海油发展
3026,郴电国际
3027,中材国际
3028,恒源煤电
3029,宝胜股份
3030,新五丰
3031,健民集团
3032,中国电影
3033,宜生
3034,广安爱众
3035,北矿科技
3036,汇鸿集团
3037,宁波热电
3038,惠而浦
3039,建设机械
3040,淮北矿业
3041,科达股份
3042,航民股份
3043,赤峰黄金
3044,宝丰能源
3045,四创电子
3046,贵绳股份
3047,马应龙
3048,文山电力
3049,贵广网络
3050,开滦股份
3051,九州通
3052,招商证券
3053,唐山港
3054,大同煤业
3055,晋亿实业
3056,柳钢股份
3057,重庆钢铁
3058,大秦铁路
3059,金陵饭店
3060,连云港
3061,南京银行
3062,文峰股份
3063,宝泰隆
3064,隆基股份
3065,陕西黑猫
3066,节能风电
3067,宁波港
3068,山东出版
3069,华钰矿业
3070,春秋航空
3071,玉龙股份
3072,一拖股份
3073,赛轮轮胎
3074,中信建投
3075,中铝国际
3076,西部黄金
3077,渝农商行
3078,国芳集团
3079,中国神华
3080,中南传媒
3081,太平洋
3082,恒立液压
3083,昊华能源
3084,中国一重
3085,四川成渝
3086,财通证券
3087,中国国航
3088,华鼎
3089,三江购物
3090,中国化学
3091,海南橡胶
3092,四方股份
3093,小康股份
3094,常熟银行
3095,博威合金
3096,工业富联
3097,深圳燃气
3098,新城控股
3099,重庆水务
3100,天风证券
3101,三角轮胎
3102,兴业银行
3103,西部矿业
3104,北京银行
3105,杭齿前进
3106,中国西电
3107,中国铁建
3108,龙江交通
3109,东兴证券
3110,江南水务
3111,上海环境
3112,东材科技
3113,国泰君安
3114,白银有色
3115,君正集团
3116,吉鑫科技
3117,林洋能源
3118,陕西煤业
3119,华电重工
3120,广州港
3121,上海银行
3122,环旭电子
3123,桐昆股份
3124,红塔证券
3125,广汽集团
3126,庞大
3127,农业银行
3128,青岛港
3129,骆驼股份
3130,中国平安
3131,中国人保
3132,秦港股份
3133,交通银行
3134,绿色动力
3135,广深铁路
3136,新华保险
3137,百隆东方
3138,三六零
3139,利群股份
3140,绿城水务
3141,陕鼓动力
3142,中原证券
3143,兴业证券
3144,怡球资源
3145,中国中铁
3146,工商银行
3147,国重装
3148,通用股份
3149,中新集团
3150,东风股份
3151,吉林高速
3152,大智慧
3153,东吴证券
3154,九牧王
3155,三星医疗
3156,长沙银行
3157,会稽山
3158,北辰实业
3159,上海电影
3160,中国外运
3161,鹿港文化
3162,中国铝业
3163,中国太保
3164,长城军工
3165,上海医药
3166,中信重工
3167,金田铜业
3168,中国核建
3169,明阳智能
3170,广电电气
3171,中国中冶
3172,嘉泽新能
3173,中国人寿
3174,长城汽车
3175,旗滨集团
3176,邮储银行
3177,平煤股份
3178,中国建筑
3179,中国电建
3180,明泰铝业
3181,滨化股份
3182,华泰证券
3183,拓普集团
3184,中银证券
3185,中国卫通
3186,潞安环能
3187,风范股份
3188,郑煤机
3189,际华集团
3190,上海电气
3191,中国中车
3192,力帆股份
3193,晶科科技
3194,光大证券
3195,宁波建工
3196,蓝科高新
3197,星宇股份
3198,中国交建
3199,皖新传媒
3200,中海油服
3201,新华文轩
3202,京沪高铁
3203,光大银行
3204,三峰环境
3205,美凯龙
3206,成都银行
3207,中国石油
3208,中国科传
3209,紫金银行
3210,福莱特
3211,中远海发
3212,长飞光纤
3213,招商轮船
3214,正泰电器
3215,浙商证券
3216,大连港
3217,中国银河
3218,海天精工
3219,江河集团
3220,中国中免
3221,亚星锚链
3222,中煤能源
3223,紫金矿业
3224,南方传媒
3225,方正证券
3226,京运通
3227,浙商银行
3228,新集能源
3229,中远海控
3230,凤凰传媒
3231,吉视传媒
3232,永辉超市
3233,建设银行
3234,中国出版
3235,苏垦农发
3236,金钼股份
3237,中国汽研
3238,玲珑轮胎
3239,宝钢包装
3240,海南矿业
3241,招商南油
3242,中国核电
3243,中国银行
3244,中国重工
3245,南京证券
3246,大唐发电
3247,金隅集团
3248,丰林集团
3249,贵阳银行
3250,中信银行
3251,出版传媒
3252,人民网
3253,奥康国际
3254,宏昌电子
3255,龙宇燃油
3256,晶方科技
3257,联明股份
3258,花王股份
3259,喜临门
3260,北特科技
3261,万盛股份
3262,合锻智能
3263,创力集团
3264,亚普股份
3265,弘讯科技
3266,新宏泰
3267,中衡设计
3268,中设集团
3269,中科曙光
3270,爱普股份
3271,山东华鹏
3272,新通联
3273,威帝股份
3274,大豪科技
3275,石大胜华
3276,千禾味业
3277,赛福天
3278,天鹅股份
3279,全筑股份
3280,安德利
3281,德新交运
3282,三维股份
3283,常熟汽饰
3284,如通股份
3285,凯众股份
3286,华立股份
3287,泛微网络
3288,新坐标
3289,美思德
3290,华脉科技
3291,广州酒家
3292,福达合金
3293,科林电气
3294,成都燃气
3295,台华新材
3296,德邦股份
3297,永吉股份
3298,倍加洁
3299,国检集团
3300,禾望电气
3301,音飞储存
3302,振华股份
3303,博通集成
3304,海汽集团
3305,乐惠国际
3306,和邦生物
3307,江化微
3308,圣达生物
3309,新疆火炬
3310,大丰实业
3311,剑桥科技
3312,天成自控
3313,先达股份
3314,甘李药业
3315,宁波精达
3316,正裕工业
3317,宏盛股份
3318,南华期货
3319,越剑智能
3320,新经典
3321,森特股份
3322,长白山
3323,川仪股份
3324,汇嘉时代
3325,横店影视
3326,芯能科技
3327,恒银金融
3328,润达医疗
3329,神驰机电
3330,东方材料
3331,康尼机电
3332,金能科技
3333,海星股份
3334,红蜻蜓
3335,万林物流
3336,共进股份
3337,华培动力
3338,翠微股份
3339,中材节能
3340,昭衍新药
3341,华贸物流
3342,春风动力
3343,上海沪工
3344,碳元科技
3345,天目湖
3346,海量数据
3347,康惠制药
3348,养元饮品
3349,拉夏
3350,腾龙股份
3351,上海亚虹
3352,汇顶科技
3353,科华控股
3354,荣晟环保
3355,福达股份
3356,渤海轮渡
3357,莎普爱思
3358,兰石重装
3359,德创环保
3360,圣龙股份
3361,新泉股份
3362,金牌厨柜
3363,皇马科技
3364,建研院
3365,上机数控
3366,华正新材
3367,海容冷链
3368,亚邦
3369,网达软件
3370,汇得科技
3371,公牛集团
3372,日播时尚
3373,保隆科技
3374,迎驾贡酒
3375,九华旅游
3376,上海洗霸
3377,快克股份
3378,江山欧派
3379,赛伍技术
3380,爱婴室
3381,元利科技
3382,日月股份
3383,中贝通信
3384,爱丽家居
3385,济民制药
3386,恒通股份
3387,新凤鸣
3388,菲林格尔
3389,雪峰科技
3390,景旺电子
3391,奥翔药业
3392,格尔软件
3393,大参林
3394,移远通信
3395,诺邦股份
3396,浙江仙通
3397,宏和科技
3398,电魂网络
3399,药明康德
3400,合盛硅业
3401,天龙股份
3402,鸿远电子
3403,松发股份
3404,海鸥股份
3405,银都股份
3406,大业股份
3407,景津环保
3408,赛腾股份
3409,日盈电子
3410,海天味业
3411,泰瑞机器
3412,斯达半导
3413,永新光学
3414,杭叉集团
3415,苏盐井神
3416,华铁应急
3417,振德医疗
3418,得邦照明
3419,旭升股份
3420,华懋科技
3421,应流股份
3422,维力医疗
3423,金海环境
3424,梦百合
3425,福鞍股份
3426,诚邦股份
3427,天味食品
3428,派思股份
3429,湘油泵
3430,迪贝电气
3431,梅轮电梯
3432,超讯通信
3433,苏农银行
3434,我乐家居
3435,福蓉科技
3436,依顿电子
3437,上海雅仕
3438,上海天洋
3439,百达精工
3440,苏州龙杰
3441,尚纬股份
3442,迪生力
3443,宏辉果蔬
3444,杰克股份
3445,浙江鼎力
3446,四方科技
3447,安井食品
3448,文灿股份
3449,威尔药业
3450,和顺石油
3451,莱克电气
3452,华菱精工
3453,设计总院
3454,华达科技
3455,东珠生态
3456,百傲化学
3457,傲农生物
3458,水星家纺
3459,日出东方
3460,辰欣药业
3461,柳药股份
3462,今世缘
3463,东方时尚
3464,亚士创能
3465,三美股份
3466,易德龙
3467,顶点软件
3468,惠达卫浴
3469,广东骏亚
3470,基蛋生物
3471,元成股份
3472,亚振
3473,通达电气
3474,万泰生物
3475,新天然气
3476,金辰股份
3477,邦宝益智
3478,吉翔股份
3479,信捷电气
3480,鼎信通讯
3481,集友股份
3482,贵州三力
3483,吉比特
3484,九洲药业
3485,勘设股份
3486,风语筑
3487,振静股份
3488,科沃斯
3489,展鹏科技
3490,八方股份
3491,恒为科技
3492,翔港科技
3493,祥和实业
3494,韦尔股份
3495,金石资源
3496,南都物业
3497,振江股份
3498,思维列控
3499,欧普照明
3500,淳中科技
3501,绝味食品
3502,锦泓集团
3503,立霸股份
3504,司太立
3505,众源新材
3506,多伦科技
3507,神马电力
3508,掌阅科技
3509,嘉诚国际
3510,惠发食品
3511,美诺华
3512,奥普家居
3513,贵人
3514,海兴电力
3515,起步股份
3516,健盛集团
3517,中通国脉
3518,普莱柯
3519,珍宝岛
3520,伟明环保
3521,长久物流
3522,汇金通
3523,三星新材
3524,荣泰健康
3525,艾艾精工
3526,捷昌驱动
3527,苏利股份
3528,金麒麟
3529,地素时尚
3530,高能环境
3531,口子窖
3532,康辰药业
3533,东尼电子
3534,伯特利
3535,引力传媒
3536,广信股份
3537,永艺股份
3538,再升科技
3539,纵横通信
3540,博天环境
3541,珀莱雅
3542,东方电缆
3543,京华激光
3544,天创时尚
3545,禾丰牧业
3546,麒盛科技
3547,诺力股份
3548,索通发展
3549,国联股份
3550,茶花股份
3551,韩建河山
3552,君禾股份
3553,杭电股份
3554,中曼石油
3555,科森科技
3556,清源股份
3557,利通电子
3558,拉芳家化
3559,徕木股份
3560,南威软件
3561,镇海股份
3562,艾迪精密
3563,海利尔
3564,畅联股份
3565,彤程新材
3566,朗博科技
3567,泰禾光电
3568,春光科技
3569,安图生物
3570,璞泰来
3571,苏州科达
3572,恒林股份
3573,柯力传感
3574,三祥新材
3575,康隆达
3576,亿嘉和
3577,五洲新春
3578,天马科技
3579,灵康药业
3580,卫信康
3581,奇精机械
3582,火炬电子
3583,华体科技
3584,今创集团
3585,永冠新材
3586,锦和商业
3587,晶华新材
3588,晨丰科技
3589,龙马环卫
3590,大胜达
3591,石英股份
3592,皖天然气
3593,至纯科技
3594,江苏新能
3595,安记食品
3596,有友食品
3597,航天工程
3598,纽威股份
3599,宁水集团
3600,德宏股份
3601,盛洋科技
3602,东方环宇
3603,健友股份
3604,家家悦
3605,中源家居
3606,香飘飘
3607,七一二
3608,密尔克卫
3609,塞力斯
3610,天域生态
3611,海利生物
3612,良品铺子
3613,中广天择
3614,阿科力
3615,天安新材
3616,朗迪集团
3617,博迈科
3618,鸣志电器
3619,龙韵股份
3620,岱美股份
3621,仙鹤股份
3622,三棵树
3623,泰晶科技
3624,蔚蓝生物
3625,日辰股份
3626,大元泵业
3627,秦安股份
3628,隆鑫通用
3629,中马传动
3630,常青股份
3631,沃格光电
3632,永安行
3633,来伊份
3634,乾景园林
3635,威龙
3636,科博达
3637,新日股份
3638,宁波高发
3639,星光农机
3640,雅运股份
3641,联泰环保
3642,康普顿
3643,华友钴业
3644,道森股份
3645,志邦家居
3646,瑞斯康达
3647,福斯特
3648,歌力思
3649,豪能股份
3650,丰山集团
3651,诚意药业
3652,原尚股份
3653,交建股份
3654,顾家家居
3655,海峡环保
3656,曲美家居
3657,神力股份
3658,嘉澳环保
3659,百合花
3660,华扬联众
3661,坤彩科技
3662,柯利达
3663,洛凯股份
3664,欧派家居
3665,四通股份
3666,安正时尚
3667,正平股份
3668,好太太
3669,华荣股份
3670,东宏股份
3671,步长制药
3672,能科股份
3673,中公高科
3674,白云电器
3675,松炀资源
3676,桃李面包
3677,新化股份
3678,飞科电器
3679,新智认知
3680,嘉友国际
3681,鼎胜新材
3682,太平鸟
3683,武进不锈
3684,永悦科技
3685,南卫股份
3686,数据港
3687,金域医学
3688,老百姓
3689,吉祥航空
3690,元祖股份
3691,城地股份
3692,新华网
3693,新澳股份
3694,春秋电子
3695,瑞芯微
3696,天永智能
3697,寿仙谷
3698,长城科技
3699,好莱客
3700,晨光文具
3701,莱绅通灵
3702,永创智能
3703,中持股份
3704,龙蟠科技
3705,牧高笛
3706,合诚股份
3707,佳力图
3708,国茂股份
3709,苏博特
3710,合力科技
3711,金桥信息
3712,金徽酒
3713,世运电路
3714,金鸿顺
3715,铁流股份
3716,中科软
3717,兴业股份
3718,亚翔集成
3719,睿能科技
3720,博敏电子
3721,丽岛新材
3722,三孚股份
3723,益丰药房
3724,建业股份
3725,雪龙集团
3726,长源东谷
3727,大千生态
3728,威派格
3729,哈森股份
3730,百利科技
3731,克来机电
3732,大理药业
3733,法兰泰克
3734,中创物流
3735,醋化股份
3736,银龙股份
3737,中农立华
3738,正川股份
3739,国泰集团
3740,深圳新星
3741,金诚信
3742,吉华集团
3743,泉峰汽车
3744,丸美股份
3745,恒润股份
3746,兆易创新
3747,康德莱
3748,中电电机
3749,艾华集团
3750,麦迪科技
3751,至正股份
3752,松霖科技
3753,洛阳钼业
3754,甬金股份
3755,中新
3756,继峰股份
3757,方盛制药
3758,读者传媒
3759,威奥股份
3760,聚合顺
3761,三人行
3762,凯迪股份
3763,华兴源创
3764,睿创微纳
3765,天准科技
3766,博汇科技
3767,容百科技
3768,杭可科技
3769,光峰科技
3770,澜起科技
3771,中国通号
3772,福光股份
3773,新光光电
3774,中微公司
3775,交控科技
3776,心脉医疗
3777,乐鑫科技
3778,安集科技
3779,方邦股份
3780,奥福环保
3781,瀚川智能
3782,安恒信息
3783,杰普特
3784,洁特生物
3785,沃尔德
3786,南微医学
3787,山石网科
3788,天宜上佳
3789,传音控股
3790,芯源微
3791,当虹科技
3792,佳华科技
3793,宝兰德
3794,航天宏图
3795,热景生物
3796,龙软科技
3797,映翰通
3798,兴图新科
3799,三友医疗
3800,紫晶存储
3801,虹软科技
3802,嘉必优
3803,瑞松科技
3804,京源环保
3805,申联生物
3806,晶晨股份
3807,威胜信息
3808,三达膜
3809,金宏气体
3810,赛诺医疗
3811,金山办公
3812,天奈科技
3813,普元信息
3814,西部超导
3815,聚辰股份
3816,沪硅产业
3817,中国电研
3818,清溢光电
3819,海尔生物
3820,松井股份
3821,优刻得
3822,有方科技
3823,博瑞医药
3824,安博通
3825,石头科技
3826,百奥泰
3827,万德斯
3828,八亿时空
3829,广大特材
3830,柏楚电子
3831,南新制药
3832,卓越新能
3833,佰仁医疗
3834,久日新材
3835,华峰测控
3836,美迪西
3837,道通科技
3838,江苏北人
3839,成都先导
3840,开普云
3841,神工股份
3842,卓易信息
3843,泽Z制药
3844,华特气体
3845,天智航
3846,特宝生物
3847,鸿泉物联
3848,东方生物
3849,长阳科技
3850,联瑞新材
3851,迈得医疗
3852,燕麦科技
3853,财富趋势
3854,微芯生物
3855,铂力特
3856,建龙微纳
3857,祥生医疗
3858,德马科技
3859,华熙生物
3860,光云科技
3861,昊海生科
3862,晶丰明源
3863,致远互联
3864,迪威尔
3865,嘉元科技
3866,普门科技
3867,华润微
3868,赛特新材
3869,硕世生物
3870,金科环境
3871,复旦张江
3872,奥特维
3873,联赢激光
3874,神州细胞
3875,秦川物联
3876,泽达易盛
3877,国盛智科
3878,吉贝尔
3879,中科
3880,凌志软件
3881,金博股份
3882,天合光能
3883,皖仪科技
